name,id,hotttnesss
Straight No Chaser,ARRI65G1187FB5992E,0.674179
Ryoichi Kurokawa,AR5BOKM1187B9B0A93,0.407741
Bahwee,ARBYIOI12C60E4EAED,0.555725
Aesop Rock,AR6F6I21187FB5A3AA,0.591177
Tonikom,ARHNLBK1187FB59E67,0.521667
Bee Mask,ARVSEYX122BCFC8FAD,0.498989
Andr?? Verchuren,ARD7U0O1187FB5531A,0.448578
Laurent Garnier,ARRYBYF1187FB3929E,0.580046
Us3,ARQCSP31187B9A17ED,0.651852
D.A.V.E. The Drummer,AR1CIHR1187FB448B1,0.433291
Bernard Parmegiani,ARKH35B1187FB574D3,0.526699
Mississippi John Hurt,ARHNCQ31187B9915DC,0.561348
Mat Kearney,AR4FGSF1187FB528BE,0.593957
Michael Bubl??,ARN0YZ71187B9BA57B,0.777181
Farafina,ARAAGW71187B98D942,0.495283
Dan Patlansky,ARKENZN1187B9B0F63,0.488159
Steve Hofmeyr,AR6OVQQ1187B98B2A6,0.509409
Fela Kuti,ARRN6CE1187B989B40,0.600439
P-Square,ARDSCLE1187B9AD790,0.589798
Grendel,ARWIZZ61187FB3C602,0.577134
Alban Skenderaj,ARNVCLM12420782114,0.533182
Queen,ARL4TII1187B9B46E1,0.746099
Sweet Weapons,ARNQWQK140C717F7C0,0.408744
Martha Scanlan,ARSB3201187FB49FD8,0.487268
Neko Case,AR14K4J1187B993B60,0.652583
Calvin Harris,ARJRB241187FB556A3,0.90029
Into It. Over It.,ARYVVLF1241B9CC03B,0.581514
In Control,AROPHXM1187B9A8C17,0.481982
Wiz Khalifa,ARN0GFV1187FB508CC,0.858241
Disturbed,ARLNLD51187B98DEC5,0.739704
Dirtfedd,ARRRSTF1241B9C604C,0.417439
7and5,ARGWDMY122ECCBD8ED,0.490818
The Breeders,AR62BB21187B9AC83D,0.556616
Never Shout Never,ARXKOFY122BCFCC364,0.582429
Rico Love,ARQTWI511C8A42BC21,0.655812
Foo Fighters,AR6XPWV1187B9ADAEB,0.795885
The Stone Foxes,ARSGEOV1271F574BC6,0.541171
DJ Okawari,ARSCUYQ11E2835C0D9,0.576245
Brian Eno,ART4EPR1187FB38772,0.62981
Giriu Dvasios,ARFKDMB12802FDE85C,0.47932
Bullitnuts,ARVJOZV1187FB4A593,0.521135
Rival Consoles,ARDUXNM11E2835CC96,0.523866
Aquascape,ARQCGKF11E2835F03F,0.520749
U.O.K.,ARKUDTI12CF58F7F58,0.519826
Icons of Filth,ARP1S4O1187FB3C937,0.499417
Inti-Illimani,ARKP5H91187FB3DA26,0.561226
??????????€?,AR70DCF1187FB54450,0.615414
?????????,ARYEX1H1187FB41FD2,0.512733
Regina Spektor,AR4UL0A1187FB36895,0.610264
Toby Turner,ARHHNPT12A10043AC4,0.557903
Ola Belle Reed,ARW7HJL1187B98A9A9,0.504514
Le Trio Joubran,AR86SBX11C8A415E3E,0.55098
Elissa,ARFGP4J1187B98D720,0.595328
??smail YK,ARGGUU81187FB46496,0.491366
??l mat?? a un polic??a motorizado,ARMZ4R71187B98FBC9,0.530818
Los Cafres,ARDHVC21187B9B9DD2,0.590201
Charly Garc??a,AR7NNKG1187FB4AA1C,0.590193
Harout Pamboukjian,ARVBAHG1241B9CD512,0.470159
David Bowie,ARJA1841187FB3A029,0.814477
Love Tractor,ARCOQI01187FB4A3A3,0.407313
Amesoeurs,AR50IDN1187FB4B0FA,0.557096
Glowworm,AR43ERV1187FB5CA98,0.518306
Irreversible,AR7YT011187FB47C30,0.525879
San Cisco,ARYUOHX131529ED7A2,0.574175
Ume,ARJKB0R1187FB43381,0.501652
Sarah Blasko,AR7KV2A1187FB466FC,0.637859
Lee Kernaghan,AR4VW7A1187FB493FE,0.661273
Tommy Trash,ARUR1511187FB3DCB2,0.690422
seth sentry,ARIAYLE11EBCD7A32B,0.683795
Laura Jean,AR29VNI1187B99420F,0.502095
John Williamson,AREQUJ71187FB3DEEB,0.586096
Die Vamummtn,ARZIFFE1269FCD5C42,0.471756
Hubert von Goisern,ARSX3H31187FB3D86F,0.572219
Olivier Messiaen,AR342K51187B98B571,0.528383
Ornette Coleman,ARB3TCS1187B99A0D2,0.564632
Ulver,ARH5VMV1187B9AF579,0.584334
Claudia Leitte,ARELANP125FEF31D72,0.588002
Wande Coal,ARAHXFH123E29C22C2,0.568042
Aventura,ARL4W6Q1187FB4713C,0.626465
Gaiola Das Popozudas,ARVWKQV1187B9B9294,0.551587
Todd Terje,AR0U6711187FB3FFB1,0.583945
Shantel,ARFCYCX1187FB3A704,0.539764
Banda Sinaloense MS de Sergio Liz??rraga,ARLQFWU12AA0D9194B,0.765084
Aurthohin,AR07SXK1187B99D57E,0.5056
Vocal Spectrum,ARFJOFR11F50C48B76,0.461069
Levende Lys,ARHQIHM12AF7DB884D,0.494688
Jojje Wadenius,ARXZEDD121318C5862,0.508376
Louis Couperin,ARDM6WT1187FB4C2D1,0.514518
Musica Pacifica,AROGTGY11F4C841E5E,0.3891
Berri Txarrak,ARJKJX31187B9B9BAC,0.520378
SBTRKT,AROMQSM12AA0D8E02B,0.694289
Miles Bonny,ARUGBRL12086C1492F,0.478762
TS7,ARGBGYA1187B99B4EB,0.455345
Lil Coner,ARWWWHR122988F2158,0.462493
The Showmen,ARHBFUV1187B9949A2,0.494026
Rise Of The Northstar,ARXCOHG134D7A062A3,0.535041
Jansport J,ARJIGBD129CDD17A7A,0.470928
Miles Davis,AR7RTGF1187FB38793,0.697302
Lucy Lucy!,ARDAADP12AA0D89EE3,0.496931
Admiral Freebee,ARRAH9J1187B9B7607,0.567309
Warda,ARHRIHV11E2835E4B5,0.524607
Lyapis Trubetskoy,ARVBFMR11F4C843362,0.504261
Ryu???,ARR0GZK1187FB45D52,0.502534
Safari Sound Band,ARW01SB1187B9B10A3,0.487236
Amrinder Gill,ARO2B6A1187B9AEE97,0.652387
Duke Ellington,ARMI36C1187B99A462,0.616767
Leftfield,ARQLGB41187FB4F7EB,0.702951
Avicii,ARWLAEE122BCFCA245,0.896362
Necros Christos,AR4JYES1187FB4FC5A,0.479407
Burzum,ARTAWLO1187B9ACE3D,0.588466
Indian,ARHI6R61187B9AF891,0.484496
Sarc??fago,AR5FRDT1187B9A6BE3,0.528044
Lantl??s,ARYUNVC11E2835D401,0.568661
Ernst Mosch und seine Original Egerl??nder Musikanten,AR8XG7M1187B9AD619,0.470494
Ricky Skaggs,ARQVA291187FB3B85A,0.54472
Buddy Guy,ARZXNFV1187B9BA2CD,0.597172
Eric Clapton,ARLAUED1187B9ACEAF,0.661966
Josh Smith,ARXNERV1241B9C64F0,0.437254
Tittsworth,ARI3LFX1187FB5464D,0.470801
Marco Antonio Mu??iz,AR9VPVF1187B99D740,0.557001
Willie Col??n,ARPVMJZ1187FB48D2D,0.580811
Jimmy Yancey,ARG02OJ1187B9AE1BD,0.493126
Ant??nio Carlos Jobim,ARIQC381187B9A825E,0.580549
S??rgio Mendes Trio,ARHDPNZ11E2835CEFC,0.4676
The Breeders,ARUMBUH1269FCCE7B8,0.556616
DJ Jubilee,ARPEHB71187B9A2AD0,0.448102
Darren Styles,AROUAIO1187FB37410,0.532012
Ludovico Einaudi,AR3MMZH1187B9B55D0,0.715816
Take That,ARCGLMM1187B9902B6,0.701285
Kermit Ruffins,ARSUCDL11F50C4E70B,0.549272
Boston Brass,ARHVD441187B9B759D,0.457062
Baden Powell,ARQHBH81187B98C195,0.513599
Aline Barros,ARPCELE126FC9C0EC9,0.568066
Emicida,AR65UIK1187B9AC580,0.661003
Na????o Zumbi,ARCEXLE1187FB3A93E,0.54831
Marisa Monte,ARXFP7U1187FB472E6,0.706517
Ratos de Por??o,AR3QU991187B9B2647,0.581136
Bassnectar,ARNCTJ91187B98D813,0.615705
Venetian Snares,ARPSEGS1241B9C4C40,0.547658
Under This,AR0CWSC1187B9AFE3F,0.501265
Jos?? Augusto,ARW2Y3T1187B9B1A47,0.494861
Sonerien Du,AR65T9K1187FB3842E,0.440932
Paul Anka,ARFEZGM11F4C83DD64,0.65688
Young Guns,ARFCUN31187B9AD578,0.584927
The Rolling Stones,ARRBMFE1187B9A430F,0.734121
Black Dyke Band,AR2DBFG1187B9A59FB,0.494929
Al Bowlly,ARSTKIT1187B9A37A8,0.490202
Richard Thompson,ARKZAYA1187FB56F00,0.552738
Bombay Bicycle Club,AR6XZ861187FB4CECD,0.614401
The Beatles,ARKVITV1187B9AE854,0.775545
Blur,ARFNIWW124549A3720,0.658973
Aaron Tveit,ARGQHYN1187FB3AEE1,0.568399
4hero,ARKCIJR130DCC6FB86,0.53521
The Echo-Friendly,ARUAMGA123E29C15AD,0.499968
Skrillex,ARF041T1187FB3B4FF,0.840568
Aborted,ARLOFHB1333D46420F,0.588909
Fallujah,AR48J791187FB52CEF,0.545433
DJ Quicksilver,AR7WSQE1187FB4CF08,0.546481
Aqua,ARY1LTC1187B9B1DC4,0.550799
The Monkees,ARKXMKT1257509CCF6,0.581232
Mastilo,ARGWITT12CEB275709,0.615408
St. Peter St. Paul Cathedral Choir of Minsk,ARWQ5781187B9909AC,0.45956
?????????,AR1FM9M1187FB3EBC0,0.665725
Makke,ARSVQJO1187FB4FE4F,0.482013
14 Iced Bears,ARSC6WR1187FB40B18,0.516553
Peggy Lee,ARJMTHE122C8677662,0.647238
Bonsoir Catin,ARK1C8Z1187B9ABAAB,0.407526
Lord Kitchener,AR7SEN311C8A414E87,0.493842
High Valley,ARGNJCK11EB9C82947,0.67105
JD ERA,ARZUROF12EBF655915,0.414185
Sam Roberts Band,ARU1LDO1187B9B19D2,0.551579
Kataklysm,ARRWGYU12086C17800,0.559338
Carly Rae Jepsen,ARY53RR1187B9AE485,0.798568
Avril Lavigne,ARPE9VW1187B9B2398,0.690703
Joaqu??n Sabina,ARAFWOX1187FB40FB0,0.669836
Fosforito,AR6QMID1187FB53957,0.485177
Caravan,ARRVZOQ1241B9CEA88,0.519886
?????????,ARVETJA1187FB4EE4E,0.665725
Gianni Vezzosi,ARQPCLH1187FB38B5E,0.469631
Mestre Acordeon,ARVADDL136F6F0C839,0.482665
M.S. Subbulakshmi,ARYQAYU11F50C4FB12,0.541272
Tut Tut Child,ARER3QP1187B9A8DC4,0.613529
Kesane Quartet,AR2O9281187FB46F8B,0.335759
Chris Tomlin,ARZDXAD11E8A2E28F7,0.702713
The Tulla Ceili Band,ARPXDY61187B9AD0A8,0.419539
Break of Reality,ARJDSMH122988FB0BB,0.525777
Clannad,ARWKGJD11F50C4ECF9,0.574072
Clannad,ARHFZXI11F50C4FA46,0.574072
Rum Rebellion,AR6ZO1H1187FB4DC49,0.522734
Pogues,ARFC93D1187FB49D2E,0.654386
Ardak Balazhanova,AR5O86P1187FB3B8CD,0.31648
Ceca,ARVR3BX1187FB362E7,0.532432
Arcade Fire,AR1L9EV1187B9976F0,0.714218
??dith Piaf,ARIPHHT1373E170F05,0.676587
Ren??e Martel,ARPFIKK122BCFCBE3B,0.451342
Cobalt,AR3X0GS1187FB3F714,0.530525
Code Orange Kids,ARCQRBO12D5CD791ED,0.530098
Svart Crown,ARHRKTK1187B99E1D5,0.493984
Buddy Guy,ARXPFF91187B988F9F,0.597172
Frankie Knuckles,ARULXDM1293C0280DF,0.569459
The Record Low,ARMSIFW11EBCD7AFE0,0.425098
Jackie Wilson,ARDNVBB12AA0D8C825,0.550906
Lighter Shade Of Brown,AR3FQ3U1187FB4070D,0.570809
Kidz Bop Kids,ARNF13I1187FB562A5,0.705363
Kidz Bop Kids,ARKPRZB13687E7215E,0.705363
Francisca Valenzuela,ARSRFIA1343CFCE018,0.616211
Aksutique,ARWOHDG122E6447E8D,0.444071
Triangle Sun,ARVWLC11187FB56F36,0.522308
Massive Attack,ARSDLGK11F4C83F58E,0.671334
My 7sky,ARQQXOM11F4C83F5DF,0.420251
Mitis,ARAPZZW1241B9C6B29,0.601403
Washed Out,AR5P0MZ1187B9B2A14,0.705973
Carsick Cars,ARTECOV11F50C4A109,0.44803
Gao Qingkui,ARLQQ2K1187B990ADA,0.263082
Guan Pinghu,ARD66TF1187B9A1670,0.414774
Jamesphoney,AR5JX5U1187FB52F2F,0.442744
Anamanaguchi,ARYAYTL12AA0D9135D,0.591576
"Choir Of King's College, Cambridge",ARWMFZH11C8A4219E0,0.536284
Pixinguinha,ARKJBGA1187B9973AF,0.518006
tobyMac,ARQETJY1187FB3FE74,0.681031
MercyMe,ARYDTFO1187B99B1E0,0.653336
David Thulin,ARTASUV1187B9A2B67,0.483536
For Today,AROSAOY11F33E00072,0.558835
LeCrae,ARCWYQD1264D12B94D,0.61123
Demon Hunter,ARG1ZFT1187FB5BF9A,0.576145
Chris Tomlin,AR5GE0Z1187B9A351F,0.702713
Relient K,ARNGM2T1187FB47B36,0.632161
tobyMac,ARQFAL91187B99904C,0.681031
Frank Sinatra,ARLXVO91187B9B9D2C,0.745919
Christmas Songs,ARC8DKT119B8667EDB,0.575587
Alchemyst,ARQZ0SI1187FB4870A,0.400774
Karl Leister,AROA9L21187B99AE80,0.427944
Rex Williams,ARZ6NT71187B99DD52,0.50414
Bart Ka??ll,ARSDMO81187FB3E152,0.529686
?????????,ARDPSN21187B98ECBF,0.500679
Los Visconti,ARDYYZF1187FB58716,0.495388
V??ra ??pinarov??,ARDJZ181187B9B7FBF,0.4831
Danser med drenge,ARUYIJ01187FB51CF6,0.523717
New Four,ARY7CXN1187B9B4A3D,0.423581
Corinne Hermes,AR0DC8R1187FB3E14B,0.453625
Taiska,ARQD9PB1187B994298,0.486736
Juice Leskinen & Coitus Int,AR8JP2M11C8A4158C6,0.483555
St??phanie,ARIVSI41187B9AF66B,0.491303
Sly & The Family Stone,ARDIBRT1187B9AF176,0.691161
The Kingsmen,ARTV3ER1187B98AD07,0.553858
Mino Reitano,ARRB40Z1187FB42AA6,0.464614
Hanne Krogh,ARM99NU1187B9B8E04,0.563692
Manuel Donayre,ARJGVC31187B9AE910,0.477378
Wojciech M??ynarski,ARAJQDC1187B991C31,0.518653
The Maze,ARF797V1187B994238,0.473647
Led Zeppelin,ARWEHSW1241B9C9610,0.784638
Verka serduchka,ARIGDQZ1187FB44FAB,0.492341
?????????€??????,ARBLVC61187FB4C783,0.551108
Ren?? Carol,AR0LJEF1187B98E0DD,0.472671
Francesco De Masi,ARDQHOX1187FB3A388,0.50979
Eldkvarn,ARUHXSY122BCFCD27D,0.514837
Nazan ??oray,ARRAHLI1187B9B088C,0.459393
Cecilia Todd,ARCPSQA11F4C83C1E3,0.474808
Ludwig van Beethoven,ARDDBKT12AF7DB8C04,0.600394
Ludwig van Beethoven,ARXBPGU1187B9A3D9D,0.600394
Emmanuel Pahud,ARNJSLN126FE025374,0.504013
Antonio Lauro,AR0TNOO1187B9A4292,0.473997
Marie-Claire Alain,AR20BO61187B9B880E,0.493773
Lang Lang,AR4QR7411C8A415F2E,0.55671
Carl Stamitz,ARI38ZY1187B9B6C9C,0.518972
Vladimir Horowitz,ARHP3QZ1187B9B9953,0.530388
Voices in Your Head,ARTQFNZ12E2A671BBF,0.487489
Ohio State University Marching Band,AR503JD1187FB4AE40,0.481046
Superlitio,ARAVBGP1241B9C4FD0,0.551294
84 Nash,ARJ71611187FB3B532,0.331185
Patton Oswalt,AR28FOW1187B9A858D,0.570691
Nice Peter,AR95IYB1187FB3FE0B,0.552374
Adam Sandler,ARXE1EM1187B98E8CE,0.650176
Both,ARRNSJY122988FE8CC,0.485395
Zedd,AR5KAA01187FB5AEB7,0.828339
Lera Auerbach,AR8F4OP1187FB5CF3B,0.47526
Denis Matsuev,ARI0PEZ1187FB586E9,0.491009
Amsterdam Baroque Orchestra,ARDR3K91187B9B04EB,0.507735
Hans Zender,ARA7Y2Y1187B9B8588,0.365112
Keith Urban,ARK4ZEK1187B990A4F,0.779582
James Keelaghan,AROJNKE11EB9C8253F,0.495972
Ambrose Akinmusire,AR88F5X1187FB3EA17,0.530575
Herbie Hancock,ARNNM56119B86686EA,0.634031
Miles Davis,ARWT91C1187B9ACEAA,0.697302
Solemn Novena,ARRMZDE1269FB34E19,0.498933
A Filetta,ARWNO2J1187B99FB35,0.484108
Tim McGraw,ARINVBL1269FCD7480,0.782224
Taj Mahal,ARZ1PTN1187B9967D9,0.634229
George Strait,ARRX7Z01187B9AC449,0.763592
Kacey Musgraves,ARTLFQN11E2835CDD7,0.607905
Loretta Lynn,AR17W0S1187FB449BB,0.626515
Luke Bryan,AROOBSB122988FF3F7,0.802048
Neil Young,ARH95YN1187B9B2F0B,0.757458
Kedjevara,ARHLGDG11F4C846A37,0.488998
Urselle,AR3E8CU1187B9B1677,0.50212
Soulshifters,ARLKRFT11F50C4F267,0.448654
Gene Autry,ARPTWTH1187B9946A6,0.601107
Steve Earle,AROXJJJ1269FB3608C,0.611737
Star Fucking Hipsters,ARCZD3V1187B9B9BE8,0.528531
Jelena Rozga,ARDGFBU136F6F0C439,0.568464
Frequency Drift,ARWAGEN11F50C4827F,0.462654
D.R.I.,ARHPP631187B9A52E9,0.6048
Lil Jon,ARI4QF11187B9A3666,0.784921
Extreme Noise Terror,ARN29AC119B34034F7,0.527475
Utgard,AR1IVRT1187B99D88C,0.399476
Beny Mor??,ARXM7EH1187B9A023F,0.520406
Osmani Garcia,ARKU3Z61187FB51DCA,0.623465
La Sonora Dinamita,ARNHHIV1187FB4EA23,0.504169
Los Miticos Del Ritmo,ARVXV1J1187FB5BF88,0.467455
Junior Klan,ARNNQ9E1187FB3C82F,0.494969
Damas Gratis,AROYEOT12FE085E2E8,0.551347
Sybreed,ARS8LI91187B98ADE7,0.521057
Petr Skoumal,ARZWGDH1269FB36F48,0.510388
Tata Bojs,AR4EN09119B86693F9,0.49481
Smile Smile,ARAXXQ01187FB42BFA,0.455108
Rihanna,AR2KZ2E1187B988E46,0.830018
New Order,ARBNPKI121318C562B,0.710665
Foals,AR908YQ1187FB43998,0.728795
Sizzla,AR909261187FB4F3A4,0.572025
Nike Ardilla,ARSL3XF1187B9BA2B7,0.541825
Pede B,ARM5OQM1187B99FF03,0.500257
Hymns from Nineveh,AR64UKA1187FB55AA4,0.487488
Sinne Eeg,ARMHWLQ1187B99E28F,0.479773
Mads Langer,ARZ2B1F1187FB3EAAD,0.646383
Maria Montell,ARYWAN11187FB45CB4,0.499785
Larz-Kristerz,ARAVTIG12CEB274D1A,0.517794
Sie Gubba,ARZSRPA11F4C842F54,0.565897
Gustav Winckler,ARHRUOV119B34037C6,0.475644
Lustmord,ARMW20I1187B9A01CB,0.520201
Watain,ARBP94C1187B988EF7,0.586762
Amanda Palmer,ARLNRTO122BCFCCF27,0.581894
Filament 38,ARADTRO1187B9B19ED,0.375772
Omi,ARWCV901187B989F6E,0.846
Arve Henriksen,AROALJO1187B98DAAF,0.494799
Niereich,ARXROUH1241B9C5E03,0.478375
Chris Drifter,ARQHV6O1187FB45AA2,0.441079
Paraforce,AR5PCFT1187B9B7E71,0.452592
Diary of Dreams,ARYBMOJ11E2835F189,0.695493
SPL,ARRFLRW12F9DC11C24,0.524946
Chelsea Grin,ARJOLN11187B9AF563,0.605875
Morbid Angel,ARAIRHV12298900442,0.593339
Aborted,ARMYZH71187B98FDD9,0.588909
Get Set Go,AR6MA4Z1187FB3A367,0.489502
The Four Preps,ARWSWMB1264D1378DA,0.501331
Brandon Beal,ARB45GQ1187B98D2B4,0.660413
Max Corbacho,ARNOP621187B98FD58,0.476496
Bob van Asperen,ARFSAYP11F4C83B85C,0.488964
Samba de Rainha,ARQICTV12FA32379D5,0.443868
Ruby My Dear,AREQD801187B98AA22,0.474241
Octoberman,AROSFWR133F5CF77D6,0.480693
Kim Walker,ARPSBNP1257509C1E1,0.578249
Alfredo Piatti,ARZVGLX136E5710798,0.411845
Simon Le Grec,AR6TT111187B98AD72,0.500786
Miscosity,ARNRGGW1187B9A19D8,0.404626
DeGarmo & Key,ARZSLKB1373E1702D2,0.484667
Positively 13 O'Clock,ARYIRLL1257509E29E,0.432311
Blanca Uribe,ARU34AT1187B9A3C31,0.375039
Kurt Metzger,ARAH021119B8668A6C,0.497353
George Ducas,ARFXLJM11F50C49182,0.54009
Asher Monroe,ARZDVZR1269FB35C21,0.543016
Paraforce,ARDNHKO11EBCD7B7F5,0.452592
Helly Larson,ARSWJFR131E333F6A7,0.478483
Andrew Peret,AREL9S41187FB38F83,0.376793
Geeshie Wiley,ARRRETN1271F576668,0.462577
Peter Jacques Band,ARGGNKH1187FB5CB51,0.485334
Finnebassen,ARVFAKZ123E29C26F4,0.656766
Karneval!,ARLZWAO1252CCF9429,0.475651
SizeMix,ARYH89E1187FB53AEA,0.496384
Fernando Lagreca,AR6XVOW1187B9AB11F,0.476297
Kwest Tha Madd Lad,ARIOVWV11F4C843D07,0.445598
Alle Farben,ARSL4XO1187FB3ADBA,0.598826
Shannon James,ARRXDQM13559202F84,0.49697
Nuskulfunk,ARUR7CA1187B9B196C,0.480931
Red Foo,ARKKHSH12E9676D465,0.696121
Aktarum,ARZYX0Q1187B9A2BAC,0.493064
Han Bennink,AR4BWDK1187FB4396E,0.402946
SF Spanish Fly,ARRQEPJ1187FB46A01,0.413316
Deliriant,AR31Y6Y1187B99A541,0.466573
Sharon Jones and the Dap-Kings,AR7ML5Z1187B9963EE,0.581834
Jazzy Eyewear,AR9V4K21187FB4C9D2,0.471954
Sean T,AR9CL8611C8A42226E,0.410223
Tele,AROMVMA124207835C3,0.472863
Frau Potz,AROKINZ12AEE35957C,0.540899
Motorama,ARNMKA51187FB4D40D,0.550121
Clowny,ARYTTQW1187B9BA487,0.35476
50% of the Dreamteam,ARNTAEH11F50C4DEF7,0.390505
Circle One,ARHRLKU12DA0D14936,0.39443
J.T.S.,ARKKCQA12D9A2F108A,0.385
Dennis Ferrer,ARDKPFO12FE0878E18,0.5685
Ilaiyaraaja,AREFAMN12D5CD77221,0.666548
The Rest,ARZMIUP1187FB50567,0.502443
Thomas Tantrum,ARFLUOD12D5CD734C4,0.495226
Claire Fowler,ARDVWGS133C82C7FD4,0.416009
Saxophone,ARXCUXR1241B9CAD3B,0.45709
UZEB,ARVIPB81187B9953BB,0.472429
Frank Vignola,ARXEUTR1272BCD1DE2,0.46095
Helen Sung,ARVXZCE1187FB5A970,0.420133
Sol Pereyra,ARAG63C1187B999F8E,0.49417
Memro,AR8XTTW1187B9971D9,0.50091
Tokyo Prose,AREHBZI11F50C49294,0.517896
Fallen Joy,ARZ9GAP1187B98930A,0.480017
Electric Mary,ARJEHGW1241B9C87EF,0.487384
Purple Disco Machine,AREQV8J1187FB3B059,0.60851
Northlane,ARMZG9W1187FB39B7A,0.566071
Luigi Madonna,ARQWQWG13579952AF1,0.506172
The Twistin' Kings,ARYUONI12086C16EE7,0.411931
Supercraft,ARQVUTC12FE085DC05,0.41143
The Owl Service,ARZ3N6H1187FB583C0,0.50188
Fiat Lux,ARLPBZS12AF7DB146F,0.410269
Dalakopa,ARRIYXC122ECCBCE20,0.426105
Northern Soul,ARHRAGC1187B9A773F,0.496884
Richard Tucker,ARCFVBE1187B98ED21,0.468843
Finghin Collins,ARFYIDX1269FB271E1,0.523369
China Drum,ARTFPLW12CEB2759EF,0.490621
Sound the Alarm,ARZYKFM122ECCB774F,0.406373
Carousel Kings,ARUQD821187B9A8667,0.490255
The Mugwumps,ARVVWSJ12EC561DB51,0.411866
Cut Knob,ARZCL6J119B3402E30,0.423105
Global Experience,AR5MHD41187B98C895,0.504217
Reckless Ones,ARLYRSJ11E2835D34D,0.4718
Merkaba,ARWEYZO11F4C840A18,0.512655
The Rings,AR6RC3911C8A4158C3,0.404549
Little Lenny,ARV0Y171187B9BA14F,0.438108
Kader Japonais,AR4DMVB119B3403674,0.458075
Alfredo Olivas,ARJJTPO12D5CD77591,0.678409
Andrew Neu,ARTGGAK12B3B3532BC,0.485373
Pages,ARRILXM133B3F12416,0.501227
Brawther,ARP6DKX1187FB55C12,0.494194
Fernando Vel??zquez,ARWK10Q1187FB593E6,0.48181
Willie Hightower,ARIW30O1187FB5A29A,0.445571
??resund Space Collective,ARWQY4P1187FB406FE,0.50449
The Alberni String Quartet,ARQOSVO122ECCBB52A,0.35845
Sweet Velvet,AREWAAS1187B98C490,0.490074
The Madeira,AR1HKQE1187FB51FD4,0.481873
Anthelion,ARVSYXS11EBCD7B58F,0.496566
Jamie Lono,ARGQCDS124BAE72F30,0.480474
CamelPhat,ARGSTVF1271F574ABC,0.581281
Mortillery,ARLLT3I1187FB3DCD0,0.476477
Future,ARZNPPG1187FB4C845,0.750915
??zel,AR2EDEM1187FB573B1,0.456839
Ti??sto,ARQ3EJL1187B98BF06,0.821593
Jenna Drey,ARYKXSD1187B9A4DAD,0.441381
Amanda Carr,AR3TG3X1187FB4D577,0.425829
Robert Johnson,ARNAIMI1187FB5733C,0.605959
Bj??rn Lynne,ARTELJA1187FB364D3,0.471389
The Epilogues,ARZ5VKP1187FB3BB2F,0.464387
Exiled From Light,ARAJHQQ1187B98B369,0.518745
Tamikrest,ARIK8NZ1187B99EE71,0.504509
Mika Singh,ARMVTD41187B9A3360,0.705801
Duke Dumont,ARGO4RN1187B9B0BDA,0.808456
"Royce da 5'9""",AR7TDQ4119B86684AF,0.580614
Carl Craig,ARY7XSH1187B98CAF3,0.591313
David Hudson,ARV5B2D1187FB36ED1,0.433983
Atari Teenage Riot,AR0Y8SK1187B9AAE64,0.54454
Rick Ross,ARRUMOM11F50C51802,0.742523
Street Military,ARRB71R1187FB5751C,0.470612
Sister Sledge,AR9SHU11187B98A51D,0.650465
Martin Solveig,AREVVMT122BCFCCB70,0.803872
Nico Gemba,ARSGWJH11F50C4E0E7,0.465387
Red Nichols & His Five Pennies,ARKKNHS1187B9A3B49,0.472107
Periphery,ARG00DS1187B9ADFC8,0.631894
Juan Luis Guerra,ARYPTWE1187FB49D64,0.713184
The Cadillacs,ARAEZSI1187B9A8D1E,0.555291
Electric Wizard,ARU75JD1187FB38B79,0.576641
Mindustries,AR4R9BI1187FB44767,0.482303
Xi,AREZ8UC1187B99F1D2,0.554362
Bonobo,ARVLQBQ1187FB40FB4,0.671866
Saru,ARQMZUJ1187B997620,0.50204
Aydio,ARMDWND1187B9AEBE2,0.489109
Marx Brothers,ARZLWJ21187FB57513,0.499728
Mazzy Star,ARNBIUE1187FB3E846,0.627363
Copeland,ARDCVSK12FE0875915,0.597798
Aphex Twin,AR1UZKI1187B9B368C,0.61059
Fennesz,AR21EJD1187FB3B9A9,0.538936
John Fahey,ARTMPEE122BCFCD667,0.513119
Earth,ARX6MR511C8A42C159,0.580704
Robert Horton,ARNTMNA1187B9AD01D,0.343025
DJ Fresh,ARJKJKP11E2835E6D3,0.625205
ASC,ARZN0BZ1187B99F496,0.551366
Black Uhuru,AR9JUVH1187FB4019E,0.579709
Bvdub,ARPIMUK11F4C844516,0.512517
Benga,ARSQDUN1187B98D7D7,0.568294
Space Temple,ARFTMGO1187B9A777A,0.43402
DJ Smash,ARHAPGK1187FB45F99,0.580534
Beto y Sus Canarios,ARDUEGC122C8677436,0.514511
Diggy Dex,ARGVFOM1187B99F380,0.663364
Afrojack,AR4J4EW1187B9AB9EF,0.786855
Marco Borsato,AR59C9R1187B9A00F5,0.757846
Kensington,ARKTSTP1187FB51C66,0.733939
Neutral Milk Hotel,AR912GD1187B9B9B0F,0.588001
Guillaume Dufay,ARA5J2G1187B99C41E,0.522797
Sirinu,AROHXSK1257509E590,0.39275
EPMD,ARR8JMF1187B98FC72,0.576397
Percy Faith,ARAUS5J1187FB48E25,0.620998
Die Krupps,ARLEWK51187B9B4B5F,0.633338
LUBJAN,AR53AA41187B99D309,0.433463
AU-D,ARPT0RR1187FB527E1,0.500731
Avicii,ARK5VXJ1187B99FC67,0.896362
Eric Clapton,ARLPDQC135373F9840,0.661966
Newcleus,ARKWARK122BCFCA877,0.501172
Molecule,AR9E8111187B9A688D,0.494932
Calvin Harris,ARE602H1187FB3B8F8,0.90029
St??phane Pompougnac,AR8RC0V1187FB390D9,0.523307
Juan Magan,ARV7EDK11C8A42BFB7,0.788625
Parov Stelar,ARKQZHZ13A4B400040,0.70365
DJ Antention,ARQZPMH12D4DEAF1AF,0.504696
Front 242,ARNDQFP12CAE5159F8,0.546096
Jason Lescalleet,ARZCBQH133B3F13939,0.418324
Tiga,ARLNATF122ECCBE236,0.61001
The Shoes,ARF8ZJW1187B98C949,0.557369
Moby,AR0JBXL1187FB52810,0.714647
ISAN,ARJBAZC11F50C480ED,0.522229
Storm the Sky,AR2JGD21187B98FD1D,0.504601
Cash Cash,AR4HL8H1187FB493DD,0.672234
Egotronic,AR8V1X71187B9B919B,0.530338
Brand New,ARCW45X1187B98C677,0.6037
Sunny Day Real Estate,ARVKFWA136E5711121,0.567374
???????????€,ARDDQFZ1271F574470,0.377737
Melina Aslanidou,AR6IHPG1187FB55C49,0.546376
Nature Sounds,ARADBSI1324E914373,0.632812
Thomas Bergersen,ARZPUAF12086C12B71,0.583624
Ott Lepland,AR3GAWW1187B9AD462,0.628671
Bella Lune,ARR30921187FB36C2D,0.468675
Dead Can Dance,ARQMJOR137E74B067D,0.597662
St. Vincent,ARRKBGD12B3B353EF0,0.61819
Mulatu Astatke,ARGUE3N1187B996AA6,0.551369
Marko Polo,ARHBPPY1187B98ABD8,0.461596
Scooter,AREBPMO1241B9C47D4,0.717226
Kylie Minogue,ARFOKIY11F50C4C27E,0.778617
beNUTS,AR5OKXL11C8A415C78,0.49749
Valentina Monetta,ARZGBOU131FEA9FF8D,0.503668
Yma Sumac,ARQH9NL1187FB530EC,0.544628
Swans,ARV99SV1187B9B1625,0.592001
Alexxi,ARIAKUL123E29C125C,0.471911
Barn Owl,ARXBE3O1187B9A9A85,0.507231
Sonic Youth,ARLSLFC133858352F2,0.605837
Mariza,ARP4QZ41187B99770C,0.726868
DJ Top Gun,ARELYZK12086C1254D,0.483908
Illuminata,ARYCBXF1187FB5CB9C,0.496322
Stanley Samuelsen,ARZJJZY1242077EB07,0.423801
Cigar,AR5FP401187FB523C9,0.505668
Mightyfools,ARKGMWY1187FB48338,0.572023
Shreya Ghoshal,ARSZX2G1187B98FCCF,0.760203
Breakbot,ARDUFS01187FB4CF5E,0.668154
Zomboy,ARSF0K11187B9AF319,0.572679
Don Ross,ARTQK731187FB44DCE,0.526145
Rattus,AR1EYRJ1187FB50BE3,0.511471
Huge L,ARLACHM1187FB5C279,0.538995
Sister Flo,AREPOUG11F4C83D36C,0.487805
Ricky-Tick Big Band,ARAUIB21187B994EB5,0.48103
Before the Dawn,ARL9MID1187B9ABA14,0.531777
Suvi Ter??sniska,ARXBCH91187B996EF6,0.629543
Camar??n de la Isla,AR3I5C81187B9AD1F9,0.55159
Rite Hook,ARSOYIA11F4C842DA4,0.479122
Bob Dylan,ARGFJZI1187B9B5AF1,0.777312
Sarah McLachlan,ARS4IYF1187FB53FE0,0.701801
Korpiklaani,ARL4F9C1187FB46639,0.60492
Against Me!,ARJATFR130708ED2D0,0.585953
Bob Dylan,AR0GZQD119B8668D66,0.777312
James Taylor,ARNWPN01187FB49FBD,0.721306
North Sea Radio Orchestra,ARSGI7N1187B9B907C,0.510312
Jorge Cafrune,AR67DD21187FB53676,0.498267
Benny Andersson,ARV0VRA1187FB5C825,0.489587
DJ Rashad,ARROBQY122BCFCCF87,0.554367
Geraldo Azevedo,ARR4HK51187FB4B7DD,0.569501
Brian Eno,ARRVS341187FB4C1C6,0.62981
Phosphorescent,ARKOJKY136AD6DF2FC,0.62613
The Easybeats,AR0AJG11187FB51EFC,0.545996
Anthony Braxton,ARIJTXK11F4C83CDCC,0.479739
Anthony Braxton,AR6T8TD1187FB4338B,0.479739
Stevie B,AR8YYNB1187B9A4BB3,0.518362
Gabriel Yacoub,AROSI8L1187B9ACD43,0.433512
Tom Poisson,ARIKTVC1187B99D694,0.485047
Youssoupha,ARKUSSQ119B8668D2A,0.67991
Imany,ARR19BL11C8A415C6F,0.788702
Debbie Davis,ARMOVH21187B9B81F6,0.494647
Shy'm,ARZER7I1187FB385AF,0.641618
Les Sales Majest??s,ARWTJQN1187FB5665C,0.484158
Danakil,ARIDXVS1242077EC8C,0.582057
Louise Attaque,ARZ8SNF1187FB39BBE,0.558624
Psilocybe Project,AR8V1WA1187B9AD9E9,0.494909
Ahab,AREZJAL13825745777,0.538485
Rufus,ARI28971187FB57288,0.706237
Mc Carol,AR9EEXH1187B99E009,0.52085
Faith No More,ARMIRE01187B998507,0.725686
Sly & The Family Stone,ARNVVSX11E8F5BFD76,0.691161
BadboE,ARW1D6G1187FB490CD,0.469536
Metasonica,AR694KF1187B9AEB90,0.378863
SBTRKT,AROLEZ71187B9AE552,0.694289
Assemblage 23,AR59VS71187FB557A8,0.529802
Ice Cube,ARJU3AJ1187FB461DC,0.728178
Angerfist,ARUJFDO132698ABCC0,0.573603
Ataque Escampe,ARVHOJ81187FB36F03,0.477809
PrototypeRaptor,ARHE9L31187FB5B470,0.501531
Idjah Hadidjah,ARHU8D91187FB371C4,0.361897
Dr. Dre,ARIL9H31187B9893FF,0.750003
Teenanger,ARMTVWY13687E7208A,0.506629
White Lung,ARPESZD1187B9AC7FB,0.529149
Scott H. Biram,AREGV3K1187B9AF614,0.55606
The White Stripes,AR4GKTH1187FB4C8DE,0.698005
Olympic Ayres,ARSHKTR11F4C84393D,0.571821
Guided by Voices,ARLCECB1272BA77CF2,0.586329
The Bedlam Bards,ARCSTBM13568A192A4,0.482126
Paul and Storm,ARDZOVC122E6447FB9,0.457162
Among The Thirsty,AR3EZNY1187B9B7CED,0.496668
Sido,ARONADA1187FB42E13,0.793907
Kettcar,AR5R6TS1187FB39455,0.566748
Primal Fear,ARAXPKJ1269FB3450F,0.584715
Toxpack,ARQSRIH11EBCD7B699,0.500624
Silbermond,AR2GKQO1187FB5451B,0.789188
Glasperlenspiel,ARZZPYB123E29C20D6,0.77902
WIZO,ARJ97ZM1187B9AD147,0.527212
Uwe Kr??ger,ARWF9G01187FB3C749,0.484032
Pan-Pot,ARKIQCZ1187B9A7C7C,0.595431
DJ Deeon,AR0ZOAL1187B99F053,0.519892
Sqz Me,ARJUURB12AF7D91356,0.490675
The Goodies,ARFJXND1187B993890,0.466104
M??tley Cr??e,ARZ6R5V1187B98F1C8,0.65789
David Bowie,ARVIYEH11F4C843541,0.814477
Autechre,ARNOYTM12086C11112,0.569983
Automotive,ARKIOF41187B9B1944,0.480626
OPIUO,AR0JZZ01187B9B2C99,0.624062
Aero 21,ARYTHRT135592022EF,0.431576
Agneton,ARVJR1N1187FB4144A,0.488602
Cattle Decapitation,ARTAFV91187B9BA17C,0.560178
Fred Hammond,ARF5DG31187B9896AD,0.577526
The Zion Travelers,ARG06F81187FB35EE2,0.401689
Jermaine Edwards,AR1VQXW11C8A415711,0.466892
Icon For Hire,ARCA4IN1187B9B338B,0.570282
Those Poor Bastards,AR9X3WO1187FB3EA36,0.520358
Inside You,AR41O131187FB51448,0.452813
Within Temptation,AR9LBVI1187B9AE540,0.638805
Also,AR6Q4T91187B995616,0.509838
Bauhaus,ARXARAK12AF7D98860,0.560084
Delain,ARQK5LD1187B9B87DA,0.583745
Grimes,ARR3GSP1187B9AD4C4,0.765261
Stavento,ARWCGYP122E6447E11,0.56795
Dousk,ARNLHY61187FB3A0C0,0.51556
Monsieur Minimal,ARNUDX41187FB3DBE0,0.494369
Antropomorphia,AREKIJB1309DFD2600,0.490732
Lethal Bizzle,ARXWAQQ1187B9AE954,0.679967
Napalm Death,AR7Y6JX1187FB4D9B3,0.560625
Blood Mortized,AROHCC71187FB3F939,0.50566
Lamb of God,AR3LEYJ1187FB5B685,0.724114
Stone Temple Pilots,ARC23S41187B9A920E,0.759542
July For Kings,AR5FYK21187B9B361D,0.516086
Los Huracanes del Norte,ARLIKYQ1187FB3DD96,0.681336
David Hooper,ARSBBRD131DD4BD6F3,0.422528
Django Reinhardt,ARR9RE51187B98E899,0.617678
DJ Gollum,AROC6N61187FB40B14,0.590599
DJ Isaac,ARRJXNC122988F8555,0.504931
Emphatic,AR1ABAO1187FB531E1,0.538891
Sonny Rollins,ARAGWRU122BCFC937C,0.577764
Wildstreet,ARVU2XO1187B9893DB,0.498282
Andy Whitby,ARZBZWK1187B997CFB,0.474679
Def Leppard,AR7946G1187B9A4100,0.740028
Ponamero Sundown,ARSZ6MA1187FB43D29,0.447674
Organ Donors,ARGPRXU1269FB34ED9,0.51906
Blood for Blood,ARSOICO1187B9AB88B,0.563271
UFO Project,AR3YCSH1187FB3CEDC,0.451255
Redman,ARXFB7K1187B9B1E54,0.680441
Bad Brains,ARPWUZE12D5CD750BB,0.591089
Altern 8,AR6UFZX1187B9A7CDF,0.504462
Headhunterz,ARAQK981187FB3E231,0.614451
Charlie Musselwhite,AR470HW1187FB3B8DF,0.500118
Marcel Tournier,ARA1UU51187FB5A70B,0.40796
Skrewdriver,AR6JVPO1187B9A6149,0.527615
The Haxan Cloak,ARCCXAI12C5BBEAC59,0.556545
Keali'i Reichel,AR0CFT71187FB5CFD4,0.51149
Steven Halpern,ARUDBB61187B9AEA91,0.500487
Cold Harbour,ARASIMV1257509D792,0.49174
Alice Cooper,ART39ZB1187B9B1E3A,0.67473
Tunes of Dawn,ARAYXEM130D2653D9E,0.476386
Donna Summer,ARXMJMO11FED0C4415,0.633971
E.T. Mensah,ARSORZD1187FB3877A,0.479029
Pandit Jasraj,ARONVEF1187B9AAF70,0.492245
The Notorious B.I.G.,AR7OA5G1187B98D3A0,0.768982
Koriass,ARGWLLA13544FB4F3A,0.48345
Dealema,ARK6P1N1187B99383A,0.487725
Technotronic,AR4VNSQ1187B999ADB,0.560722
Missy Elliott,AR4XX0N1187FB45C21,0.781241
Sarkodie,ARWGS3L1187FB44932,0.542014
F??nf Freunde,ARCTEZO1241B9C8E42,0.512903
Zac Efron,ARZCXTF13DC061C58B,0.594519
Merle Haggard,AREGFLN13559201F08,0.595211
Misfits,ARYUDWF12F2B89BB33,0.617323
Marz,ARNBMT71187B993523,0.504095
Calvin Harris,AROIP3T1187B9B0F0B,0.90029
Punnany Massif,ARGDTSX1269FCCED05,0.521104
R??zsa Magdolna,ARNDRBI122BCFCC2E3,0.595181
??kos,ARPDEOM138F8A0AE84,0.661047
Prince Royce,ARXP52G1187B9B53C3,0.811735
E-40,ARKTVAB119B3403A27,0.671357
Agent Fresco,ARVILQ41187FB3B1D8,0.597673
Danny Gokey,ARC4K2E1187B9B6FDA,0.558376
DJ Spooky,ARKSKF21187B9B7064,0.547301
M.S. Subbulakshmi,ARQTIUE12E9676D096,0.541272
Shreya Ghoshal,AR688CI1187B993BE2,0.760203
Thermal and a Quarter,ARXAXHO13E6642C14A,0.506543
Sufjan Stevens,ARM68A9119B86687EB,0.711685
Sad Souls,AREM1NL1187FB43234,0.499371
Harriet the Spy,ARTDEZF131B9F2079C,0.426946
Kerith Ravine,ARCRUOG1187B9A23A8,0.355281
Iron & Wine,ARIJDGV1187FB51092,0.661957
Harper Lee,AR5YODZ1187B996179,0.584856
Arcade Fire,AREUMQS1187FB3AC8F,0.714218
The States,ARSRNV41187FB5150E,0.512243
Holy Esque,ARPBICT1187FB410C3,0.491472
Elvis Depressedly,ARXF40D1187B9A3FB3,0.550462
The Weeknd,ARMCBFE12509416C9B,0.895959
Interpol,ARZLAE61187B9B86E2,0.721446
Clams,ARIHNJ11187B99806C,0.519449
Frida Sundemo,ARFXBHG122BCFCBBEA,0.521966
The XX,ARRCWDK12086C15241,0.752139
Stars and Rabbit,ARXW5TC1187FB5A6CA,0.51977
peterpan,AR8R4PD1187FB437BA,0.562628
Danny Everett,ARGC7371187FB3C18A,0.434181
Cabaret Voltaire,ARNUUVP1187FB3D618,0.555692
Marilyn Manson,ARFSIHC135592009F2,0.665397
Killing Joke,AREKHZL1187FB45E77,0.652745
This Patch of Sky,ARUR0AL1187B9A72C5,0.486642
Aphex Twin,ARVROOM1269FCD48DF,0.61059
L??nasa,ARJECUK12A57A06BB2,0.54264
DAITHI,ARKLNGO1187FB5BB4B,0.595903
The Coronas,ARCTUJF1187B9A4042,0.626961
Matti Louhivuori,ARXG05L1187B9B770A,0.423924
Sheikh Saad Al Ghamdi,AREGX5K1187B9B6C9E,0.422089
?????? ??????????,ARSX6IX1187B9B640C,0.483932
Savage,ARHVCYW1187B995EDC,0.670981
Canzoniere Grecanico Salentino,ARP8MND1187B9A5397,0.475643
Fabri Fibra,AR264J61187B98C8BB,0.570705
Marta sui tubi,AR5NBPV1187FB485A0,0.530968
Stefano Bollani,ARY32PW1187B9B620C,0.525837
Tiziano Ferro,ARYEWPQ124207830A1,0.74441
Loredana Errore,ARYV2UE1187B9AF02C,0.515278
Alphataurus,AR2ROVO1187FB4D2D6,0.511667
Nerorgasmo,AR20CFC1187B98A25D,0.517215
DJ Sanny J,ARE7JKW1187FB4A7CA,0.548035
?????????????????????,AR1CD5Z1187B98F2C2,0.676499
Akira Kosemura,ARPIJUN122989000B4,0.55971
DJ Technorch,ARAXREL122988F158B,0.523912
??????????????????,AREZ03W1187B98FFF5,0.568124
AKB48,ARFJXBN12F0DAC3E88,0.754832
??????????????????????????????,ARXZP9T1187FB4565D,0.515641
the GazettE,ARHA0XD1187B9A3633,0.729903
??????,AREE69X1187FB438D6,0.661921
Over Arm Throw,ARP78AT1187B9B5350,0.50306
SPYAIR,ARATITD14162917ADE,0.711532
Akiakane,ARJDAOS13385834F08,0.516286
KREVA,AR6XNPM1187B98AE5E,0.670919
?????????????????????,ARXHSWJ11E2835D731,0.676499
????????????,ARYEWVE12BEF24FA69,0.536621
Grateful Dead,AROBEGP12406A89D26,0.6632
Big Star,ARBKFXR1187B9A1E14,0.555744
Brookville,AR1T6FN1187FB3D424,0.496182
DJ Kawasaki,AR5BMCY1187FB3E976,0.505777
Boris,ARFNYOX129CDBEF5E1,0.501064
Crystal Kay,AROTHYA1187B98FB40,0.698413
??????????????????????????????,ARYP1181187B9A0B9F,0.687724
Satomi Saeki,AR2U3RE1187B98DF64,0.496522
Masonna,ARCOIYN11F4C84896A,0.525989
Miles Davis,ARGTTY81187B9A8682,0.697302
Mark Egan,AROXZL91187FB40560,0.500615
Ray Charles,AR308F21187B9A1D5D,0.713238
J.J. Johnson,AR94EZ61187B990729,0.490457
Frank Sinatra,ARZVHBF1269FCD68AD,0.745919
Herbie Hancock,ARKLRYA1241B9C5BB0,0.634031
Pat Metheny,AR8GIKC1187B9993EA,0.56684
Animals as Leaders,ARKZGXU13B864F23BD,0.578901
Brussels Jazz Orchestra,ARI6JU71187FB3B80F,0.461606
Red Garland Trio,ARMEJEY1269FCD578C,0.493598
Kid Ink,AR2FSX31187B98E3EF,0.691981
Willie Clancy,ARZF3GM1187B9B952F,0.46968
Neshama Carlebach,ARYKS881187B9B3643,0.483447
Cannon's Jug Stompers,ARUXOWB1187FB3F562,0.498287
Ice Cube,ARIGVCS11F50C4F711,0.728178
Ruth Brown,ARBNXYA1187FB51C50,0.575228
Drumsound and Bassline Smith,ARRXZQF1187B99F174,0.506233
Mark With a K,ARJCSVV1187B9B8526,0.593915
Andy C,ARQATCR1187FB4D3E6,0.559787
??????,ARU3RBC1187FB50820,0.762207
10cm,ARTU5NO1187FB48D0B,0.622886
f(x),ARJSR5T11C8A415FC5,0.76599
?????????,AR0FDJ21187FB56687,0.457006
Volker Pispers,ARQ24CC1187B9969F9,0.496959
De R??uber,ARVXVWO1187FB39C05,0.459241
Cowboy Indian Bear,ARUB1YN1187B98F38D,0.460294
Detlev J??cker,ARN47IM1187FB41FA5,0.509146
Girish,AROGDFI1187FB57F9E,0.636157
The Phoenix Foundation,ARQDHVO12DDD188245,0.518743
Anselmo Ralph,AR6AY7W1187B9AC569,0.6821
Klapa Cambi,ARWT7VX1187FB54449,0.466948
The Klezmer Conservatory Band,ARV1S5S1187B98D78B,0.479206
Carimi,ARLGLNJ12AA0D8ABA3,0.522022
Can,ARJPZSG1187FB3E985,0.554921
DJ Vielo,AR31W571187B9A78B6,0.447764
Grup Seyran,ARFPKGE12AF7DA8286,0.492439
Tkzee,ARJXLX11187FB41442,0.484717
Night Terrors of 1927,ARJJRLK1242077FC1E,0.527508
Moondog,ARLZ0521187B98B2E3,0.546075
Nikos Vertis,ARSFGPO1187B9904D2,0.650141
Ricky Martin,ARGIFTZ1242078308E,0.802618
Babas??nicos,ARELECY122988FEFE8,0.602203
Marco Barrientos,ARWAOFJ123E29C1153,0.591852
Alejandro Fern??ndez,ARGA92H1187B9B5E5D,0.639534
Sr Mandril,ARKDRUN1187B9B8A4D,0.421672
Daddy Yankee,ARV0AT91187B9B43AD,0.807913
Paquito D'Rivera,ARXCDIR12454A2DF42,0.562328
Rata Blanca,ARGOKH21187B992800,0.588524
Alejandro Sanz,ARDQP2Y1187B9A01D8,0.786724
Pr??ta v??tra,ARH39ZK1187B9ABC22,0.672464
David Tolk,ARMXRJX122988FFF30,0.490038
Pulled Apart By Horses,ARM1IMV1187B995003,0.534603
Peter Beense,ARMAC4T1187FB3FA4C,0.483656
Konstantin Wecker,ARQ1TYO1187FB49B63,0.554385
Robert Farnon & His Orchestra,AR652851187B9A0C69,0.407722
Sarah McLachlan,ARWE3TO1187FB411C2,0.701801
Logistics,ARLWTYJ12D332C27C0,0.582503
Andrius Mamontovas,ARI7SQF1187FB48362,0.518741
Kyiv Chamber Choir,ARMFUUA1373E16FA28,0.451689
Christeene,AR6BJ1V1187B9AE3B7,0.491991
Modest Mouse,ARTQKVD1187B98DF8C,0.626792
Little Walter,ARTSOXK1187B9AA8B6,0.531318
Endpoint,AR4KBWX1187FB5A718,0.425334
Michael Bubl??,ARDQ9AP1187B9BA3F6,0.777181
Brazilian Lounge Project,ARVYXYH12E30EB8B40,0.497749
John Holt,ARTHQV01187B9B4D8A,0.562021
Janek Schaefer,ART70HI1187B9A37BC,0.501587
Onuma Singsiri,ARRHMNH1187FB46512,0.449062
James,ARAPFN61187B990019,0.692351
Ali Riahi,ARDOAJY1269FB322B0,0.388479
Muzsik??s,ARKUI581187B9A6856,0.504374
Grace Decca,ARHTAPO1187FB5AADE,0.48265
Razia,AR1QW201187B994EFF,0.446693
Faizal Tahir,AR1MWSF1187B9A66E2,0.604106
David Hall,ARMWDYO11F50C49B36,0.407754
Celia Cruz,ARWQD4A11C8A41670F,0.573652
Oumou Sangare,AR76TLU1187B9B8F97,0.525333
?????????,AR5J7N81187B9B9E96,0.701586
Copilul De Aur,ARZSICA12AA0D89C81,0.499799
Ohio State University Marching Band,AR1SHY11187B9A1CB1,0.481046
Juan Gabriel,ARZUGW91187FB5B352,0.728983
Death in June,AR9S8551187FB3EA81,0.553592
Girl Talk,ARGUZZJ1264D13A4A1,0.580684
Tall Ships,ARM9UWQ1187FB416A2,0.567387
Unwound,ARSTMTH12E30EB9418,0.528955
The Dillinger Escape Plan,AROLIKM13544FB4FA2,0.595901
Thione Seck,ARWEWLG12802FDEA10,0.467139
Faun,ARJOJIP11F50C47A54,0.587858
Saltatio Mortis,AR2LV0Q1187B9AA3B1,0.557613
Music For Deep Sleep,ARHERWI12AF7DB91A1,0.50453
Elliott Smith,ARNOQEY11F50C4F7CB,0.632744
Will Sparks,ARJG2ID1187B9A767E,0.700206
Fleetwood Mac,ARSHZBZ1187B98A445,0.79631
In Flames,ARSOSSS11C8A415813,0.618285
Johnny Lima,ARBZJFB122ECCB876F,0.503362
H2O,ARBORCH11F4C840121,0.683255
Killswitch Engage,ARLIDTS11F4C83B83B,0.60908
PelleK,AREIZCU12298900F05,0.556136
Suspyre,ARPXREW122C86749E6,0.481503
Elmore James,ARTEGCB12420781CCF,0.541486
T-Rock,ARQDK391187FB3CA23,0.573348
Otis Redding,ARQM9Q71187FB59E97,0.671532
Juan Luis Guerra,ARRX9FE1187FB3CBD9,0.713184
Mozart La Para,ARVNNXD1187B9AE50D,0.505167
Herman's Hermits,ARJF2HV1187FB3A148,0.608001
Iron Maiden,ARWPVEQ12298900BB1,0.725503
Jeff Kollman,ARYVOOH1269FCD8C75,0.418027
Parkway Drive,ARXPBHT1269FB35384,0.728921
Charli XCX,ARYYDSQ1269FCD92F0,0.771346
Quiero Club,ARVDEGM1187B9B05D3,0.539801
Los Locos del Ritmo,ARZ599Y1187B9B7A69,0.48344
Los Folkloristas,AR8BDK91187B9A3E63,0.476619
Trio Tariacuri,ARWVYIM11F4C8411E4,0.407042
DJ Laz,ARHOWJT11E8C26B232,0.492544
Breathe Owl Breathe,ARML3X41187FB35F2E,0.527704
Trentem??ller,AREZQQ31187FB4C814,0.589013
Band Of The Coldstream Guards,ARHDI7O1187B9B6850,0.401433
Steve Reich,ARSBQEC11EB9C8295C,0.555278
Shifted,ARPGPI81187B98AEEA,0.552176
Laxx,ARIFTFD1187B9A0C2E,0.549084
Boss Axis,ARKS6SA1187B9A9891,0.534597
Alex Niggemann,ARGWWVA11E2835DEF5,0.527969
Richie Hawtin,ARYLLQO1187FB57592,0.572638
In Aeternam Vale,ARRXVNF1343CFCDF0D,0.485031
Sarit Hadad,ARM35YS1187B99959C,0.497399
The Jam,ARN9ICG1187FB4D7C7,0.600413
Joe Bonamassa,ARLKMZP11EBCD77476,0.718992
Olivier Messiaen,ARZHKMH11F4C8470D8,0.528383
Lee Brice,ARIEIWC131633D14F6,0.730657
Brookroyal,ARDLRLV1187B99ABE4,0.474002
Harris Eisenstadt,AR0F5IT1187FB39E6F,0.407243
Arditti Quartet,AR7PJMD1187B9A6C35,0.49214
Preacher Stone,ARS66SN1187B9AEA4E,0.487109
JP Corwyn,ARUSGIX12802FDE884,0.463058
Monks Of The Abbey Of Notre Dame,AREACYD1187FB566DE,0.4849
Diplo,ARTSDSB1187B9A6CF8,0.840847
Mayra Andrade,AR0QQGK1187FB4D5CB,0.549361
Anthony Robbins,ARXRI181187B992C7C,0.542593
Marvin Gaye,ARY7T8Q1187B99AE5A,0.771595
Jim Cummings,ARVKB9G1187B990C70,0.544403
Marisa Monte,ARXBG1X1187FB42A79,0.706517
Grupo Encanto,ARB1DDF1187FB4FCFB,0.498171
Risto R??pp????j??,ARWA8AH1187FB3FC84,0.481618
Bernard Parmegiani,ARZYT8C1187FB4D57F,0.526699
Collection Comptines,ARSTOAX139FF6C78FC,0.488452
Isaura,ARA1FK71187FB5AFAD,0.492912
Zain Bhikha,ARLNQBR1187B9B9C4D,0.531311
Loretta Lynn,ARL57CE1187FB54C6F,0.626515
Douglas Blue Feather,ARREDK11187B9A55C5,0.482946
Maggots,AR6F1M81187B99FAE4,0.490481
Yngwie Malmsteen,ARVFDUT1187FB3C44E,0.597504
Girls Guns and Glory,AREF3Q31187B98D959,0.494989
Jason Mraz,ARN4VIK1187FB3D5C8,0.739066
Black Bomb A,ARGDASU135214ABD13,0.504645
John Legend,ARUMUBU1274363C558,0.817996
L'Renee,ARXPLIA1187FB4D0B0,0.436071
Chaotica,ARFGUVE1312083EC19,0.488722
Damh the Bard,AR1WYY01187B98978E,0.555883
Moongarden,AR5RH3I1187FB57D1E,0.508358
Tame Impala,AR6TTAF1187B9AF525,0.766365
King Drapes,AR60PF91187FB4DC45,0.472236
Lauren Aquilina,ARKK0MR1187B98C88A,0.578018
Daybehavior,AREAEEJ1187B9AB28A,0.5048
Crystal Viper,ARDMYGP1271F5768E5,0.515147
Charley Jenkins,ARPUBBU12AA0D8A04B,0.369876
All my faith lost,ARYMXNC124207813E7,0.501225
Death in June,ARCEKOE1269FCD0C00,0.553592
Nepathya,ARK9V1J1187FB4971C,0.48418
mc chris,ARWOQOW12EC561D5F8,0.54659
ASP,ARANB8N1187B9940A3,0.67132
Foyer Des Arts,ARMTAGW1241B9CBAE1,0.495499
The Upbeats,ARYDTSL1187B9A07BD,0.567053
Mefjus,ARZTQLX12086C12C8C,0.526885
Enya,AR3XWYG1187B99094F,0.777953
David Hicken,ARRXADQ1187FB38F22,0.496055
The Avett Brothers,ARPANXO1187B9B468A,0.594076
Time Modem,ARK7ZPW1187B99C170,0.412663
The Transitions,ARV481W1187FB38CD9,0.401998
Keith Sweat,ARTQ567119B8668F55,0.590372
Allen Toussaint,ARCIODL11F4C84406E,0.58653
Louis Armstrong,ARD9T1Q1187B9A65F0,0.687757
Hot Chip,ARELIIJ1187B9A9FF4,0.648143
a-ha,ARSG5DC1187FB47C8E,0.727387
Hang Massive,AREK4G11187FB3756D,0.525023
New Order,ARNUPTB12F1299B9D5,0.710665
Wham!,ARA4W081187B9B6E21,0.754627
Devendra Banhart,AR22UIT1187B995341,0.615098
Bonobo,AREGOFV11F50C4D29E,0.671866
Anamanaguchi,AR5E44Z1187B9A1D74,0.591576
The Irish Descendants,AR6CLFP1187B9ACB94,0.455782
Pere Ubu,AROEOHN1187B9B2736,0.532047
Guilty Connector,AR1JLAW1187FB38508,0.421559
Deerhunter,ARDCK8K1187FB5729F,0.651533
Feedtime,ARV326Q1187B990B47,0.520588
Sonic Youth,ARV97TJ1187FB509D8,0.605837
Hedningarna,ARUUWTI11F4C8471BC,0.497939
DJ Broiler,AROG3OY1187B9AC9BE,0.534268
Los Huracanes del Norte,AROFOED119B3402F06,0.681336
More than Conquerors,ARMBMEF1187FB42A00,0.485581
Barbara Acklin,AR4EQ231187B99368F,0.497947
Livets Ords s??ngare och musiker,ARNCPRV1257509E0A6,0.479365
Karpe Diem,ARJUHI8119B8669B74,0.727215
In the Country,AR2OQSP1187B9959A9,0.487258
Satyricon,ARWPXRT122BCFC8F50,0.572331
Susanne Sundf??r,ARPVHKF11C8A4211B6,0.602825
Beinkj??r,ARFXBZX1187FB478D4,0.424681
DumDum Boys,AR9E0681187B99DC4C,0.581739
Clem Leek,ARJEL1O1187FB36E46,0.521088
Chris Malinchak,AR1IUFD119B866994E,0.691719
Koova,AR5W7271187FB4F7FA,0.431069
Wild Nothing,ARBXXRW1187B9BA4D2,0.676227
Parov Stelar,ARKTTJV12592CDA07F,0.70365
Disturbed,ARDKMEX129601F7EBC,0.739704
Stanton Warriors,AR2E3LI1187FB38797,0.567136
Miss Bolivia,ARSG7NQ1187FB57482,0.56576
Silvio Rodr??guez,ARODZUF11F4C841E1F,0.602861
Songs For Children,ARF5M7Q1187FB501E8,0.521621
Satan,ARNVNST126FE0252E2,0.623313
In Solitude,AR0LJR51187FB370DD,0.538748
Straitjacket Fits,ARIIFAI1187B9B101B,0.498129
The Business,AR9LSTT1187B9A87B0,0.51705
Public Enemy,ARYIS5G1187FB3B432,0.641231
Ola Belle Reed,ARP5KQF1187B9B4DD1,0.504514
Maria Callas,ARA8HTC1187B989150,0.56064
Andrea Bocelli,AROJIQK12086C12D8F,0.757342
Toni Gonzaga,ARXXCAI1187FB4D555,0.57791
Martin Luther King Jr.,ARKLA8V1187B999B68,0.552733
Claudio Abbado,ARHWRIN133F5CF7D60,0.533108
Andy Pickford,ARF20OM1187B990CAD,0.420037
Off With Their Heads,AR5SA9P1187B99FCE8,0.531865
Miguel Cal??,ARZ51KH1187B9A22A6,0.493235
Los Komberz,AROXIDV1187B9B222F,0.377086
??????,ARWO7MW1187B989E8E,0.62961
Renft,ARHPPJK1187B9AC897,0.487097
Paranoid Castle,ARBCI0P1187B9B5D8C,0.478957
Dwight Yoakam,ARIEKZA1187B98FED4,0.60641
Daniel Johnston,ARQSXJW122ECCBA6F0,0.565223
Andy Stott,ARM42JX1187B9B20A6,0.500856
Funkadelic,ARONNX51187B98DD47,0.55038
Burzum,ARFYKUO1187B98D941,0.588466
Zeca Pagodinho,ARCHZAA11F4C8462C4,0.679416
Ali Zafar,ARZC45S1187FB3F374,0.625413
David Bowie,AR0W7561187FB57131,0.814477
Ebi,ARBNNFU12CEB275BFD,0.588241
Parviz Meshkatian,ARVFBOT12F310EFCFD,0.487383
Jebediah,ARBFQ7L1187B9ACD48,0.51888
Los Mojarras,ARRUDCE11E2835CFEC,0.496729
Big Joe Turner,AROQFOC1187B9A0F23,0.548209
The Fray,ARUGU0E1187B9B30F6,0.653491
Mississippi John Hurt,ARY7DQ91187B98C85E,0.561348
Brian Boru Irish Pipe Band,ARLZ7YF1187B9BA38D,0.433656
Walt Whitman,AR4CB5F1187B99D170,0.50142
Pokahontaz,ARNJ2C31187B9B3239,0.589372
Kamp!,ARFYQIV1187B9AB4E0,0.54212
Tomasz Sta??ko Quintet,ARYUZ2F1187FB54D17,0.473775
Happysad,ARMKODX11F50C4BD1B,0.611251
Farben Lehre,AR3KUCG1187B9A0BEA,0.572866
Vavamuffin,ARXGKVD1187FB54D8F,0.531991
Frankie Yankovic,ARX1OQO11C8A421239,0.473732
Three Houses Down,AR3UL6M1187FB53D1F,0.498216
I Muvrini,ARZORKK11E2835CDA4,0.485872
Ellie Goulding,ARVT7941187B9AEB48,0.901275
Rihanna,AROETUE1187FB4A677,0.830018
Tonight Alive,AR8ALAQ1187FB37D53,0.577124
DJ Antoine,ARR1CN21187FB36BD6,0.761386
Fall Out Boy,AR9TVSJ1187B9A7F6F,0.79758
Drake,ARHH0AJ1187B98FB49,0.892731
Maroon 5,AR5H4CJ1187B9AE949,0.849666
Bass Drum Of Death,AR3UBZ11187B9A9EF9,0.571065
Armando Hernandez,ARQUMH41187B9AF699,0.489892
The Shaky Hands,ARYZDDW1241B9CCA8E,0.496891
Mickael Carreira,ARTBKER1269FB37026,0.513281
Jorge Palma,AR6RBLP1187FB4A38A,0.53012
Explosions in the Sky,ARLIAEM11F4C843528,0.609026
Shalamar,ARW0Z9V1187B9A0699,0.540561
Rhyze,ARUBS051187B9B60E7,0.484465
Foo Fighters,ARZPM3N1187B9B14BE,0.795885
At the Drive-In,ARSTQ2A1187B99CF14,0.576816
Baroness,ARLNZDA122988EDC3E,0.632467
For All I Am,ARAJOXB12E29E92B4B,0.496925
Television,ARKMXSD1313DF14895,0.568066
Bryce Janey,ARRRAOF12B7E67A52C,0.477312
Navicon Torture Technologies,ARWQCMZ11F919A7941,0.517147
HammerFall,AREEA0I1187B9B489E,0.701657
Manufactura,ARYLXHS1264D13A368,0.512666
Teenage Fanclub,ARMHOVI11F4C83DCF1,0.577585
Iron Lung,ARWKFPM1187FB4E712,0.52551
The Queers,ARL8OEH11C8A415C17,0.523701
Earnest Pugh,ARZ00NA1187B992D9B,0.546578
Boil,ARY77941187FB471BA,0.515743
Trampled by Turtles,ARVUEUS1187B9B49DA,0.583726
Ti??sto,AR7DNHO1187B992B0B,0.821593
Ti??sto,ARULZ741187B9AD2EF,0.821593
Dream Theater,ARQZ4AA1187FB4626A,0.668145
Phaxe,AR49DB11187B9B2420,0.545478
Kansas,AROU14811C8A423BC1,0.613758
Armin van Buuren,AR91C8S1187B990901,0.810282
Soundprank,AR2UQQ51187B9AC816,0.514346
Matt Bukovski,ARRUJJJ12802FDE3B8,0.538976
The Velvet Underground,ARAPSCV129CDD176A9,0.667245
The Koolaid Electric Company,ARLEBRU13A4B40015D,0.506716
Toad,ARVCPQM11F50C47776,0.507456
The Doors,ARRWVFN11F50C485C1,0.633199
Infected Mushroom,ARIEGIO1187FB385B4,0.606242
Bluetech,ARBQMJ11187FB49B3F,0.582746
Nekromantix,ARVK1G41187FB37421,0.544881
Nick Lowe,ARAXISJ1241B9C6A57,0.547399
Circo,ARJBQRW1187FB3C7BE,0.491455
Miss Pooja,AR3DJ0H1187FB4BE72,0.659909
The Ramones,ARIVZIG128FFBAD456,0.610819
The Jon Spencer Blues Explosion,ARARVH61187FB49215,0.531492
Plain White T's,AR7KYYO1187B9A27DF,0.695578
The Waffle Stompers,ARJ8T1S1187FB5ACB7,0.439473
Mohammed Rafi,ARILCMQ11F4C84830F,0.669215
Vincent Valli??res,AR4DGCJ1187B9A7524,0.613414
Barry White,ARPCEXT11EB9C82926,0.617634
Robin Thicke,ARUC4RY1187B9AACCE,0.75806
RCola,ARLPH4D1187FB5629A,0.477966
Fats Waller,ARXWTOJ1187B9A7848,0.52885
Cheb Hasni,ARZZCEM1269FB339F4,0.535572
Pepe Aguilar,ARMTESV136F6F0FD8A,0.678229
The Notorious B.I.G.,ARARBKF1242077E85C,0.768982
Limp Bizkit,ART0AGH1187FB4765A,0.706991
Mellowtoy,ARAZEGJ11E905798ED,0.502671
Linkin Park,ARJUSZD127D395D53A,0.728359
Dark Fury,AROJAOG1391FF1AFE1,0.489294
David Moleon,ARJ745B1187B990106,0.487127
Isaac Asimov,ARV8BZX1187FB3E89E,0.513768
Vassilis Tsitsanis,ARRABCQ1187B9AF6EE,0.49053
Peter Tosh,AREXHJP13B9E60C673,0.596822
Mono & Nikitaman,ARW8F4B1187FB45EB4,0.567113
Ballyhoo!,ARIGFIZ1187FB4D6BA,0.540701
Nicky Jam,AR46CAD1187FB4D84B,0.853727
La Arrolladora Banda El Lim??n,ARHT6QA1187B990BAF,0.762973
Relaxing Instrumental Jazz Ensemble,ARHJ1KY1187B99572A,0.554756
Digital Sexy,ARKHBSM1187B99CEBF,0.450903
Guillaume Dufay,ARL544E1187FB36577,0.522797
Mitch Murder,AR2NCHF1187FB5A4A8,0.580755
Wo Fat,ARANEHX1241B9C6734,0.508816
Bob Doss,ARRA16A1187B9A8E7A,0.445492
Khago,ARP6TC61187FB56F8C,0.500567
La Tabar??,ARDWTNL1187FB40602,0.503737
Sleater-Kinney,ARZGSWZ1187FB39ABF,0.555806
Led Zeppelin,ARCGXOS1187B9B8C62,0.784638
Manel,ARBZ19X1187B9ABB24,0.54727
Vicentico,ARLTXA21187FB471F2,0.687841
Nenhum de N??s,ARVBTEV122ECCBAD2D,0.553062
Can't,ARJXYQ11187B9B0FA8,0.436608
Alton Ellis,AR36AY91187B9B1F72,0.534799
Elvis Presley,AR40GSU1187FB3AA01,0.794542
Elvis Presley,ARBYZAT123E29C15DC,0.794542
Fly Project,ARHUSDS1187FB54199,0.703477
Proconsul,ARAU43X1187B99FF18,0.499735
Pyotr Ilyich Tchaikovsky,ARNEWMP1187FB3DB31,0.598896
Black Uhuru,ARSZIBW1187B994053,0.579709
Bruce Springsteen,ARCH5T21187FB597A6,0.774736
Gipsy Kings,ARF53ZN1187B9B5300,0.5728
Digimortal,ARCOBLE1187B9A2446,0.501713
??????????,ARNNRN31187B9AE7B7,0.68425
Serebro,AREUBCU11F50C49864,0.75426
Leningrad,ARDRJSP126E2B3BEF8,0.56014
Mumiy Troll,ARLVJTY1269FB25DB4,0.551581
Pink Razors,ARYQQY31187B9ABBE1,0.36884
Willie Col??n,AR3WOLA1187B991552,0.580811
Richie Ray,ARN86921187B9B258B,0.488861
Elis Regina,ARYZ9FU1187B99123F,0.566114
Otis Murphy,ARPQWQ41187FB3E8A1,0.400613
Andrea Berg,ARQGNEN1187FB4494C,0.55295
Torsten Kanzler,AR0R2CT1187FB4E64E,0.464245
Giles Lamb,ARUWK591187FB5179D,0.549011
The Twilight Sad,ARLOQHM12592CDA0C5,0.563217
DJ T-Rock,AR80E9H1187B990B7B,0.447167
Our Last Night,AR98JLC1187B9ADE23,0.6444
Kodan Armada,ARRPIHI1187B98DC69,0.525459
Glory of This,ARKVWSE11EBCD75AA7,0.415683
TEA COZIES,AR15NAH1187FB466EE,0.455321
Cassiya,AR37CSL1187B9896B1,0.43616
Wolfgang Rihm,ARTBTTR1187B999076,0.501655
Bruno & Marrone,AROEUJQ1250941675A,0.710626
Chico Rey E Paran??,AR88BJZ1187B98FB38,0.489733
Bruno & Marrone,AR61RSY1187FB47A08,0.710626
Amira Medunjanin,ARRVRFP126FE025327,0.498344
Fishermen's Friends,ARYEEVC1187B9A68E5,0.475001
Bromheads Jacket,ARMK2OI1187B98DE24,0.504847
??????????????????,ARSIAER12EC561C818,0.568124
Walk the Moon,AR1FOTV1187B9BA0D0,0.834031
Yellow Ostrich,ARPYDTN1187B98B992,0.531571
The 1975,ARKTE7L1187B9955B0,0.7675
Ride,ARHFFSH1252CCFA1DD,0.572464
Kristin Chenoweth,ARBJNWH12DA0D13553,0.57114
Taufik Batisah,ARTGNOD1187B9B4FB0,0.498369
Bob Dylan,AR0W2OO1187FB5549E,0.777312
Dushyanth Weeraman,ARMVKJN1187B98E52E,0.504074
Sublime,ARLUZIY1187B98C1AB,0.613801
Sublime,ARRQLFI1187FB46968,0.613801
Bad Manners,ARLA0BN1187B98DE7F,0.586579
Bad Religion,ARBUDUV1187B995761,0.609918
The Vipers Skiffle Group,ARYVFXL12086C12308,0.45468
Squiggy,ARQ1FA31187B9A1865,0.472155
Dandy,ARBYG0L1187FB4543C,0.440446
Daniel Savio,AR01KNZ1187FB35F28,0.470964
Atrocious Abnormality,ARUZUYU12EEE6497CB,0.504521
Night Fever,ARAWRNO1272BA7FF79,0.484089
The Brobecks,ARBQTJT13A71F397C9,0.492852
Hardcore Superstar,AR0S57P1187FB43BEE,0.550283
Nature Sounds,AR9B9J31187FB37942,0.632812
Rytmus,ARYWCFC12131B4B568,0.520916
Chiki Liki Tu-a,ARA8OK21187B989F55,0.517036
Tinkara Kova??,ARWLDVU14223FC0A63,0.519197
Low,ARJK5XD1187FB3F815,0.594573
Baroness,ARFCOYA11E2835E71C,0.632467
Fourplay,ARVBSMC1241B9CD020,0.630124
Solan Rai,ARLSF8H1187B9A76B0,0.345666
Machel Montano,ARCOU1E1187B9AEE6F,0.554559
Otis Williams & The Charms,AROTVAL1271F5743BC,0.412082
Neil Diamond,ARGHEC01187FB597B0,0.704567
Kid Moxie,AR9ZP1S1187FB52513,0.488212
Orchestra Super Mazembe,ARONVKP134198E55ED,0.474895
Marvin Gaye,ARLGBE01187B993466,0.771595
Ray Charles,AR9VDMZ1187B9B2E09,0.713238
Marvin Gaye,ARGMTVW12F9DC11DB0,0.771595
Oddisee,ARGWPP11187B9AEF43,0.571932
Horace Silver,ARFCWSZ123526A0AFD,0.572382
James Newton Howard,ARXHZC91187FB36034,0.708955
Jimmy Dludlu,ARHYDWL1269FCD53CF,0.482624
The Crabb Family,ARMZWW61187B9A8FA3,0.575295
Lil Jon,AR4GAFY1187B9B639D,0.784921
Lynyrd Skynyrd,ARR1MO31187B9B4F9C,0.654279
Al Green,ARPGZXF1269FB2567B,0.602257
Omar Cunningham,AR7JJ0V1187FB494D9,0.4561
Spiritualized,ARB3NBY1187B9A67BB,0.560386
Orquesta Sinfonica,ARSUUC61187FB5AF4F,0.468511
Berrog??etto,AR52RKF1187FB40C6E,0.474681
El Chojin,AR3Y5411187B996BFF,0.567597
Lori Meyers,AR14OAI1187FB3E572,0.566324
Standstill,AR2267U1187B9A4B25,0.528493
Los Salvajes,AR9MTOP1187B9A95D0,0.491282
Gabinete Caligari,AR51USL1187FB44216,0.54499
Alejandro Sanz,ARDXBH51187B9B932D,0.786724
Mal??,ARLXEGE1187FB3AC29,0.780066
Lendakaris Muertos,ARQIZRB1187B9B5CF1,0.579263
Ganjahr Family,ARN1YHJ1187FB37CB4,0.482771
Sweet Female Attitude,ARVNGSW1187B996988,0.502347
Megadeth,AR2Q0DZ119B34031BB,0.626676
Noisekick,AR3SESJ1187FB57F5E,0.500328
Andrea Gibson,ARQSTLK1187B9AF78B,0.508406
Francis Monkman,AR18THL1187B99C4F1,0.473965
Abney Park,ARJL7V911C8A42BB2F,0.54766
Steel Drum Island,AR1Y4NM11C8A41545D,0.479994
Old Lights,AR2JU9G1187B9B3E06,0.479745
Wolf Larsen,ARQ7FMG1187FB5CF39,0.621053
Phosphorescent,ARWRNJZ122ECCBC177,0.62613
Jon Fratelli,ARXM0CX1187B98FD56,0.490384
Imagine Dragons,ARWZXUW1269FB38582,0.831368
The Sword,ARWCDIN12F12999A93,0.60198
The Sword,ARS8HP31187B99A644,0.60198
Gorilla Biscuits,AR8UZ3Z11A348F0C81,0.560616
Violent Affair,AR9C7AQ1187FB410B4,0.41625
Erroll Garner,AR4A0IM1187FB5C8BD,0.531413
The New Lost City Ramblers,ARHEQS81187FB4010B,0.485177
Kate Price,AR0GZV61187FB51B83,0.473994
Arditti Quartet,ARME7101187FB3ECDD,0.49214
Ishome,ARRU5M31187FB4044D,0.507997
Ruggero DJ,ARQJ9VM1187FB420BE,0.415406
Apulanta,ARTFEFY122CC3B143E,0.647846
Dick Dale,AR0OQ341187FB4E054,0.581662
Tab Benoit,ARDCKCV11F50C504C8,0.526168
Johnnie Allan,ARV6K6X1187B9BA53F,0.479127
Jay Smith,ARKKRNO12E30EB90A4,0.59002
Backyard Babies,ARKZXSQ1187B9AC9F3,0.565582
Ison & Fille,ARB7VKG1187B9AC81C,0.648531
Jonathan Johansson,ARMMINZ129CDBEFECD,0.530828
H??kan Hellstr??m,ARWLDM91187B9912BD,0.601187
Lars Jansson,ARM6HLK1187FB427F0,0.497463
Necrophobic,ARHELGY11F50C491AE,0.584811
Loreen,ARHUMSC12AF7DB6600,0.753344
Trubbel,AR3086O1187B991F23,0.483075
Kebnekajse,ARIVFVU1187FB54302,0.534278
Strebers,AR9S5JR11C8A416119,0.505043
Kapten R??d,ART4QZC1187FB51612,0.594121
Susanne Berlin,ARLAWDD1187FB48367,0.503442
The Mobile Homes,ARPCD1H11C8A415862,0.503679
Louis Armstrong,AROSNCA135599D8EE2,0.687757
IYES,ARTMNIF12592CDA04A,0.567987
ChueLee,ARS0LKT1187FB40A7D,0.461995
Black Tiger,ARPKIFU13CA7DCC327,0.482537
77 Bombay Street,ARZDJ3G1187FB59384,0.492419
Dimmu Borgir,AREGFGD1278B7CCB52,0.59257
Epica,ARGLI7X1187B9930BB,0.598949
Genesis,ARSSEYE129CDBEF6BC,0.611397
Lykke Li,ARESITJ1269FB27009,0.755385
???????€?,ARB5TJM1187B9A71FD,0.728917
Little Mix,ARN6MEX1187B9B408E,0.82428
Carlos Gardel,ARAU62A1187B98A689,0.54386
Guy Gerber,ARFPCQT1187B99BE66,0.56983
Archspire,AROMNHB11F4C83CEEA,0.528394
Dying Fetus,ARVGVV91187FB5C69A,0.579789
Carl Craig,ARYXJR91187FB48C68,0.591313
Justin Bieber,ARBYGQM1269FB31CFC,0.91195
La Mafia,ARWCNED1187FB52BB6,0.561066
Floxytek,ARPUEKY1187B99ACDF,0.492071
The Mindtraveller,ARFTGSP1269FB34AEA,0.353523
B.B. King,ARHX6P71187B9AE169,0.637317
Shooter Jennings,ARLD2Q51187B9995B4,0.581985
Suharit Siamwalla,ARSTIOO1187FB39B89,0.498722
Mild,ARSBXIR1241B9C859F,0.689902
Siege,ARGLOU61187FB55A07,0.52244
Megadeth,ARIJE1A1187B9A458D,0.626676
Switchtense,ARZEOWK12767704A70,0.494941
Shu-De,AR3OVN511C8A4168BA,0.494205
Ya Dong,ARWB48X1187FB4AA06,0.324688
Malpa??s,AR1587M1187B9A4E88,0.49672
Pupy y Los Que Son Son,AR7TGNH1187B9999C2,0.505261
Fats Waller,AROTIMO1187FB532BF,0.52885
Robert Johnson,AR9HABI1187FB3ACAA,0.605959
Bob Fox,ARPQV4I1187FB4B0CE,0.47869
Hank Williams,ARKIQWL12F2B89BBB3,0.630905
Bob Dylan,ARUKIQX1271F5762F7,0.777312
Carleen & The Groovers,ARPQDAR12EFE499D66,0.472446
Philomena Begley,AREXOET1187B9B80A3,0.493512
Black Culture,ARWBAKN1187B98B20C,0.429228
Oscar Harris,ARI6XPQ1187B98DE40,0.476574
Dwight Pullen,AR6Z5RG1187B98F414,0.46656
Alastair McDonald,ARVYKHR12086C13B19,0.491431
Babylove & The Van Dangos,AR3J4WZ1187B9B17ED,0.483584
Four Mints,ARVJEOV1187B9B85C8,0.479571
Bellevue Cadillac,ARVICF31187FB4E62F,0.492151
Ti??sto,ARWNWCV11F50C4D4E1,0.821593
Pentatones,ARZTBQU12AF7D9C6E8,0.483366
Rick Ross,AR56MK21187B98DAA6,0.742523
Diplo,ARROQSO1187B9AEB80,0.840847
Los Peyotes,ARUCW501187FB5180B,0.49286
The Old Ceremony,ARKJHKX1187FB5AEE5,0.493425
Offer Nissim,,0.539133
Led Zepagain,,0.573549
Bonobo,,0.671866
Marc Anthony,,0.75627
Silvio Rodr??guez,,0.602861
Stoja,,0.531804
N??kleer Ba??l??kl?? K??z,,0.495062
M??nir Nurettin Sel??uk,,0.468594
H??seyin Turan,,0.515193
Sagopa Kajmer,,0.552549
Faz??l Say,,0.505806
Hande Yener,,0.691593
Hayko Cepkin,,0.595472
DJ Shadow,,0.714115
Holiday Flyer,,0.355397
The Pastels,,0.50722
Aby Wolf,,0.481704
Okkyung Lee,,0.482915
Disciples,,0.663569
Shola Ama,,0.527348
Dirty Dike,,0.580309
Joy Division,,0.61552
?????€????????,,0.564818
Ukulele Jim,,0.491151
Slechtvalk,,0.515977
Talib Kweli,,0.675963
Akil Ammar,,0.544926
G-Eazy,,0.748277
The Shazam,,0.412196
Sapient,,0.496612
Tritonal,,0.682445
Janet Jackson,,0.752127
Carlos Vives,,0.755707
Said the Whale,,0.537759
Murlo,,0.49124
Hype Williams,,0.50613
Abhinanda,,0.520834
Alex Christopher,,0.415322
Elizeth Cardoso,,0.507815
La Vida Boh??me,,0.548235
Jesper Kyd,,0.578415
The Beth Edges,,0.485163
Thanh Bui,,0.534781
Finntroll,,0.57763
Suzy Solidor,,0.464696
Carolina Tar Heels,,0.418454
Mother McCollum,,0.361926
Jack Hylton and his Orchestra,,0.493164
Jackie Bernard,,0.339649
Mimi Roman,,0.40254
Martha Eggerth,,0.310319
Ulla Billquist,,0.462411
Georgia White,,0.451716
Rick Randell,,0.338949
Charlo,,0.464415
Bill Mounce,,0.318034
Joshua Bell,,0.560642
Tyler Ward,,0.625159
the GazettE,,0.729903
Bob Sinclar,,0.681972
Ella Fitzgerald,,0.715285
40mP,,0.519702
Die Amigos,,0.486037
Aaron Martin,,0.509709
Gruff Rhys,,0.543178
Bembeya Jazz National,,0.532423
DJ Quik,,0.566984
Red Foley,,0.507354
Eastman Wind Ensemble,,0.493955
Holy Other,,0.56382
TOKiMONSTA,,0.624076
Workout Remix Factory,,0.496891
Amadou & Mariam,,0.586071
Tibet Project,,0.484637
Keali'i Reichel,,0.51149
Govinda,,0.618154
Chris Tomlin,,0.702713
Undertaker,,0.406727
Tonks and the Aurors,,0.411317
France Gall,,0.543462
Ulla Pirttij??rvi,,0.502431
Riblja ??orba,,0.533096
Koenjihyakkei,,0.484021
Zillertaler Mander,,0.488213
The Four Brothers,,0.459898
Talking Heads,,0.614265
Kedjevara,,0.488998
Medhy Custos,,0.51933
Buckwheat Zydeco,,0.495122
